HIGSHOT	auth-welcome	bytesEqual=false	lumLight=237.7	lumDark=19.0	diffPixels=98.5%
HIGSHOT	auth-login	bytesEqual=false	lumLight=245.3	lumDark=11.9	diffPixels=99.7%
HIGSHOT	auth-login-error	bytesEqual=false	lumLight=244.1	lumDark=13.3	diffPixels=99.7%
HIGSHOT	auth-signup	bytesEqual=false	lumLight=249.5	lumDark=7.8	diffPixels=99.6%
HIGSHOT	auth-forgot-password	bytesEqual=false	lumLight=252.1	lumDark=3.8	diffPixels=99.7%
HIGSHOT	trips-list	bytesEqual=false	lumLight=247.7	lumDark=12.2	diffPixels=99.8%
HIGSHOT	trips-list-load-failed	bytesEqual=false	lumLight=250.7	lumDark=6.9	diffPixels=99.9%
HIGSHOT	trips-list-empty	bytesEqual=false	lumLight=247.1	lumDark=10.9	diffPixels=99.7%
HIGSHOT	trip-create	bytesEqual=false	lumLight=248.6	lumDark=7.8	diffPixels=99.5%
HIGSHOT	trip-edit	bytesEqual=false	lumLight=244.8	lumDark=11.6	diffPixels=99.3%
HIGSHOT	trip-edit-load-failed	bytesEqual=false	lumLight=252.7	lumDark=2.6	diffPixels=99.9%
HIGSHOT	trip-timeline	bytesEqual=false	lumLight=243.6	lumDark=17.8	diffPixels=99.6%
HIGSHOT	trip-map	bytesEqual=false	lumLight=223.9	lumDark=27.8	diffPixels=99.4%
HIGSHOT	trip-map-route-failed	bytesEqual=false	lumLight=223.9	lumDark=27.8	diffPixels=99.4%
HIGSHOT	trip-notes	bytesEqual=false	lumLight=245.2	lumDark=16.7	diffPixels=99.7%
HIGSHOT	trip-print	bytesEqual=false	lumLight=242.9	lumDark=19.8	diffPixels=99.8%
HIGSHOT	favorites	bytesEqual=false	lumLight=247.6	lumDark=12.5	diffPixels=99.6%
HIGSHOT	favorites-load-failed	bytesEqual=false	lumLight=250.3	lumDark=6.8	diffPixels=99.7%
HIGSHOT	explore	bytesEqual=false	lumLight=246.0	lumDark=13.6	diffPixels=99.6%
HIGSHOT	explore-empty-results	bytesEqual=false	lumLight=251.4	lumDark=5.6	diffPixels=99.8%
HIGSHOT	explore-search-failed	bytesEqual=false	lumLight=249.7	lumDark=8.0	diffPixels=99.8%
HIGSHOT	chat	bytesEqual=false	lumLight=247.3	lumDark=11.3	diffPixels=99.9%
HIGSHOT	account-home	bytesEqual=false	lumLight=236.5	lumDark=37.4	diffPixels=99.5%
HIGSHOT	account-sessions	bytesEqual=false	lumLight=234.1	lumDark=36.7	diffPixels=99.6%
HIGSHOT	account-sessions-load-failed	bytesEqual=false	lumLight=226.8	lumDark=48.2	diffPixels=100.0%
HIGSHOT	account-connected-apps	bytesEqual=false	lumLight=238.1	lumDark=36.1	diffPixels=99.8%
HIGSHOT	account-developer-apps	bytesEqual=false	lumLight=244.4	lumDark=28.5	diffPixels=100.0%
HIGSHOT	account-developer-app-new	bytesEqual=false	lumLight=234.1	lumDark=37.0	diffPixels=99.5%
HIGSHOT	account-settings-appearance	bytesEqual=false	lumLight=243.9	lumDark=29.1	diffPixels=99.9%
HIGSHOT	account-settings-profile	bytesEqual=false	lumLight=244.7	lumDark=27.5	diffPixels=99.9%
HIGSHOT	account-settings-notifications	bytesEqual=false	lumLight=241.4	lumDark=33.3	diffPixels=98.6%
HIGSHOT	account-delete-dialog	bytesEqual=false	lumLight=195.7	lumDark=22.5	diffPixels=99.4%
HIGSHOT	invite-signed-in	bytesEqual=false	lumLight=240.6	lumDark=20.6	diffPixels=99.7%
HIGSHOT	invite-wrong-account	bytesEqual=false	lumLight=238.0	lumDark=23.9	diffPixels=99.6%
HIGSHOT	invite-wrong-account-pending	bytesEqual=false	lumLight=245.3	lumDark=11.9	diffPixels=99.7%
HIGSHOT	invite-load-failed	bytesEqual=false	lumLight=237.9	lumDark=15.4	diffPixels=99.9%
HIGSHOT	invite-logged-out	bytesEqual=false	lumLight=239.4	lumDark=22.6	diffPixels=99.7%
HIGSHOT	share-manage	bytesEqual=false	lumLight=241.7	lumDark=16.0	diffPixels=99.6%
HIGSHOT	share-custom-expiry-missing	bytesEqual=false	lumLight=246.3	lumDark=10.6	diffPixels=99.5%
HIGSHOT	share-created-card	bytesEqual=false	lumLight=233.3	lumDark=27.9	diffPixels=99.6%
HIGSHOT	share-create-failed	bytesEqual=false	lumLight=241.4	lumDark=16.4	diffPixels=99.6%
HIGSHOT	share-list-load-failed	bytesEqual=false	lumLight=241.4	lumDark=16.4	diffPixels=99.6%
HIGSHOT	public-share	bytesEqual=false	lumLight=237.8	lumDark=25.7	diffPixels=99.8%
HIGSHOT	public-share-signed-in	bytesEqual=false	lumLight=237.6	lumDark=26.0	diffPixels=99.8%
HIGSHOT	offline-banner-network	bytesEqual=false	lumLight=244.3	lumDark=17.5	diffPixels=99.8%
HIGSHOT	offline-banner-pending	bytesEqual=false	lumLight=243.7	lumDark=18.6	diffPixels=99.8%
HIGSHOT	ax-welcome-2x	bytesEqual=false	lumLight=229.1	lumDark=27.3	diffPixels=96.7%
HIGSHOT	ax-login-2x	bytesEqual=false	lumLight=237.8	lumDark=20.5	diffPixels=98.9%
HIGSHOT	ax-trips-list-2x	bytesEqual=false	lumLight=240.4	lumDark=20.8	diffPixels=99.3%
HIGSHOT	ax-trip-timeline-2x	bytesEqual=false	lumLight=236.7	lumDark=25.0	diffPixels=98.7%
HIGSHOT	ax-share-manage-2x	bytesEqual=false	lumLight=228.0	lumDark=31.0	diffPixels=98.7%
HIGSHOT	ax-account-home-2x	bytesEqual=false	lumLight=229.4	lumDark=44.3	diffPixels=99.2%
HIGSHOT	ax-invite-2x	bytesEqual=false	lumLight=226.1	lumDark=40.0	diffPixels=99.1%
HIGSHOT	ax-trips-list-3x	bytesEqual=false	lumLight=229.5	lumDark=35.3	diffPixels=98.4%
HIGSHOT	components	bytesEqual=false	lumLight=249.6	lumDark=6.8	diffPixels=99.7%
HIGSHOT	ax-components-2x	bytesEqual=false	lumLight=243.3	lumDark=13.7	diffPixels=98.7%
